images,masks
subject_1.png,subject_1_mask.png
subject_2.png,subject_2_mask.png
subject_3.png,subject_3_mask.png
subject_4.png,subject_4_mask.png
subject_6.png,subject_6_mask.png
subject_7.png,subject_7_mask.png
subject_8.png,subject_8_mask.png
subject_9.png,subject_9_mask.png
subject_10.png,subject_10_mask.png
subject_11.png,subject_11_mask.png
subject_12.png,subject_12_mask.png
subject_13.png,subject_13_mask.png
subject_14.png,subject_14_mask.png
subject_15.png,subject_15_mask.png
subject_16.png,subject_16_mask.png
subject_17.png,subject_17_mask.png
subject_18.png,subject_18_mask.png
subject_19.png,subject_19_mask.png
subject_20.png,subject_20_mask.png
subject_21.png,subject_21_mask.png
subject_22.png,subject_22_mask.png
subject_23.png,subject_23_mask.png
subject_24.png,subject_24_mask.png
subject_25.png,subject_25_mask.png
subject_26.png,subject_26_mask.png
subject_27.png,subject_27_mask.png
subject_28.png,subject_28_mask.png
subject_29.png,subject_29_mask.png
subject_30.png,subject_30_mask.png
subject_31.png,subject_31_mask.png
subject_32.png,subject_32_mask.png
subject_33.png,subject_33_mask.png
subject_34.png,subject_34_mask.png
subject_35.png,subject_35_mask.png
subject_36.png,subject_36_mask.png
subject_37.png,subject_37_mask.png
subject_38.png,subject_38_mask.png
subject_39.png,subject_39_mask.png
subject_40.png,subject_40_mask.png
subject_41.png,subject_41_mask.png
subject_42.png,subject_42_mask.png
subject_43.png,subject_43_mask.png
subject_44.png,subject_44_mask.png
subject_45.png,subject_45_mask.png
subject_46.png,subject_46_mask.png
subject_47.png,subject_47_mask.png
subject_48.png,subject_48_mask.png
subject_49.png,subject_49_mask.png
subject_50.png,subject_50_mask.png
subject_51.png,subject_51_mask.png
subject_52.png,subject_52_mask.png
subject_53.png,subject_53_mask.png
subject_54.png,subject_54_mask.png
subject_55.png,subject_55_mask.png
subject_56.png,subject_56_mask.png
subject_57.png,subject_57_mask.png
subject_58.png,subject_58_mask.png
subject_59.png,subject_59_mask.png
subject_60.png,subject_60_mask.png
subject_61.png,subject_61_mask.png
subject_62.png,subject_62_mask.png
subject_63.png,subject_63_mask.png
subject_64.png,subject_64_mask.png
subject_65.png,subject_65_mask.png
subject_66.png,subject_66_mask.png
subject_67.png,subject_67_mask.png
subject_68.png,subject_68_mask.png
subject_69.png,subject_69_mask.png
subject_70.png,subject_70_mask.png
subject_71.png,subject_71_mask.png
subject_72.png,subject_72_mask.png
subject_73.png,subject_73_mask.png
subject_74.png,subject_74_mask.png
subject_75.png,subject_75_mask.png
subject_76.png,subject_76_mask.png
subject_77.png,subject_77_mask.png
subject_78.png,subject_78_mask.png
subject_79.png,subject_79_mask.png
subject_80.png,subject_80_mask.png
subject_81.png,subject_81_mask.png
subject_82.png,subject_82_mask.png
subject_83.png,subject_83_mask.png
subject_84.png,subject_84_mask.png
subject_85.png,subject_85_mask.png
subject_86.png,subject_86_mask.png
subject_87.png,subject_87_mask.png
subject_88.png,subject_88_mask.png
subject_89.png,subject_89_mask.png
subject_90.png,subject_90_mask.png
subject_91.png,subject_91_mask.png
subject_92.png,subject_92_mask.png
subject_93.png,subject_93_mask.png
subject_94.png,subject_94_mask.png
subject_95.png,subject_95_mask.png
subject_96.png,subject_96_mask.png
subject_97.png,subject_97_mask.png
subject_98.png,subject_98_mask.png
subject_99.png,subject_99_mask.png
subject_100.png,subject_100_mask.png
subject_101.png,subject_101_mask.png
subject_102.png,subject_102_mask.png
subject_103.png,subject_103_mask.png
subject_104.png,subject_104_mask.png
subject_105.png,subject_105_mask.png
subject_106.png,subject_106_mask.png
subject_107.png,subject_107_mask.png
subject_108.png,subject_108_mask.png
subject_109.png,subject_109_mask.png
subject_110.png,subject_110_mask.png
subject_111.png,subject_111_mask.png
subject_112.png,subject_112_mask.png
subject_113.png,subject_113_mask.png
subject_114.png,subject_114_mask.png
subject_115.png,subject_115_mask.png
subject_116.png,subject_116_mask.png
subject_117.png,subject_117_mask.png
subject_118.png,subject_118_mask.png
subject_119.png,subject_119_mask.png
subject_120.png,subject_120_mask.png
subject_121.png,subject_121_mask.png
subject_122.png,subject_122_mask.png
subject_123.png,subject_123_mask.png
subject_124.png,subject_124_mask.png
subject_125.png,subject_125_mask.png
subject_126.png,subject_126_mask.png
subject_127.png,subject_127_mask.png
subject_128.png,subject_128_mask.png
subject_129.png,subject_129_mask.png
subject_130.png,subject_130_mask.png
subject_131.png,subject_131_mask.png
subject_132.png,subject_132_mask.png
subject_133.png,subject_133_mask.png
subject_134.png,subject_134_mask.png
subject_135.png,subject_135_mask.png
subject_136.png,subject_136_mask.png
subject_137.png,subject_137_mask.png
subject_138.png,subject_138_mask.png
subject_139.png,subject_139_mask.png
subject_140.png,subject_140_mask.png
subject_141.png,subject_141_mask.png
subject_142.png,subject_142_mask.png
subject_143.png,subject_143_mask.png
subject_144.png,subject_144_mask.png
subject_145.png,subject_145_mask.png
subject_146.png,subject_146_mask.png
subject_147.png,subject_147_mask.png
subject_148.png,subject_148_mask.png
subject_149.png,subject_149_mask.png
subject_150.png,subject_150_mask.png
subject_151.png,subject_151_mask.png
subject_152.png,subject_152_mask.png
subject_153.png,subject_153_mask.png
subject_154.png,subject_154_mask.png
subject_155.png,subject_155_mask.png
subject_156.png,subject_156_mask.png
subject_157.png,subject_157_mask.png
subject_158.png,subject_158_mask.png
subject_159.png,subject_159_mask.png
subject_160.png,subject_160_mask.png
subject_161.png,subject_161_mask.png
subject_162.png,subject_162_mask.png
subject_163.png,subject_163_mask.png
subject_164.png,subject_164_mask.png
subject_165.png,subject_165_mask.png
subject_166.png,subject_166_mask.png
subject_167.png,subject_167_mask.png
subject_168.png,subject_168_mask.png
subject_169.png,subject_169_mask.png
subject_170.png,subject_170_mask.png
subject_171.png,subject_171_mask.png
subject_172.png,subject_172_mask.png
subject_173.png,subject_173_mask.png
subject_174.png,subject_174_mask.png
subject_175.png,subject_175_mask.png
subject_176.png,subject_176_mask.png
subject_177.png,subject_177_mask.png
subject_178.png,subject_178_mask.png
subject_179.png,subject_179_mask.png
subject_180.png,subject_180_mask.png
subject_181.png,subject_181_mask.png
subject_182.png,subject_182_mask.png
subject_183.png,subject_183_mask.png
subject_184.png,subject_184_mask.png
subject_185.png,subject_185_mask.png
subject_186.png,subject_186_mask.png
subject_187.png,subject_187_mask.png
subject_188.png,subject_188_mask.png
subject_189.png,subject_189_mask.png
subject_190.png,subject_190_mask.png
subject_191.png,subject_191_mask.png
subject_192.png,subject_192_mask.png
subject_193.png,subject_193_mask.png
subject_194.png,subject_194_mask.png
subject_195.png,subject_195_mask.png
subject_196.png,subject_196_mask.png
subject_197.png,subject_197_mask.png
subject_198.png,subject_198_mask.png
subject_199.png,subject_199_mask.png
subject_200.png,subject_200_mask.png
subject_201.png,subject_201_mask.png
subject_202.png,subject_202_mask.png
subject_203.png,subject_203_mask.png
subject_204.png,subject_204_mask.png
subject_205.png,subject_205_mask.png
subject_206.png,subject_206_mask.png
subject_207.png,subject_207_mask.png
subject_208.png,subject_208_mask.png
subject_209.png,subject_209_mask.png
subject_210.png,subject_210_mask.png
subject_211.png,subject_211_mask.png
subject_212.png,subject_212_mask.png
subject_213.png,subject_213_mask.png
subject_214.png,subject_214_mask.png
subject_215.png,subject_215_mask.png
subject_216.png,subject_216_mask.png
subject_217.png,subject_217_mask.png
subject_218.png,subject_218_mask.png
subject_219.png,subject_219_mask.png
subject_220.png,subject_220_mask.png
subject_221.png,subject_221_mask.png
subject_222.png,subject_222_mask.png
subject_223.png,subject_223_mask.png
subject_224.png,subject_224_mask.png
subject_225.png,subject_225_mask.png
subject_226.png,subject_226_mask.png
subject_227.png,subject_227_mask.png
subject_228.png,subject_228_mask.png
subject_229.png,subject_229_mask.png
subject_230.png,subject_230_mask.png
subject_231.png,subject_231_mask.png
subject_232.png,subject_232_mask.png
subject_233.png,subject_233_mask.png
subject_234.png,subject_234_mask.png
subject_235.png,subject_235_mask.png
subject_236.png,subject_236_mask.png
subject_237.png,subject_237_mask.png
subject_238.png,subject_238_mask.png
subject_239.png,subject_239_mask.png
subject_240.png,subject_240_mask.png
subject_241.png,subject_241_mask.png
subject_242.png,subject_242_mask.png
subject_243.png,subject_243_mask.png
subject_244.png,subject_244_mask.png
subject_245.png,subject_245_mask.png
subject_246.png,subject_246_mask.png
subject_247.png,subject_247_mask.png
subject_248.png,subject_248_mask.png
subject_249.png,subject_249_mask.png
subject_250.png,subject_250_mask.png
subject_251.png,subject_251_mask.png
subject_252.png,subject_252_mask.png
subject_253.png,subject_253_mask.png
subject_254.png,subject_254_mask.png
subject_255.png,subject_255_mask.png
subject_256.png,subject_256_mask.png
subject_257.png,subject_257_mask.png
subject_258.png,subject_258_mask.png
subject_259.png,subject_259_mask.png
subject_260.png,subject_260_mask.png
